file_id,saved_path
1iUejeUvbS_hLQ0llWwHuITwLVxH-HwSy,complaints\8611_whitefield_ave_savannah_ga_31406\main_unit\noise_disturbance_unauthorized_events_party_crime_violent_suspected_excessive_occupancy_property_damage_2025-09-14.jpg
13SqmhzlTJzMYyP7Zoi4SCo8P4J3Cxtou,complaints\8611_whitefield_ave_savannah_ga_31406\main_unit\noise_disturbance_unauthorized_events_party_crime_violent_suspected_excessive_occupancy_property_damage_2025-09-14_1.jpg
1bYZ_PkJJpjFJH-h4hxBwz7se0VmxULxd,complaints\8611_whitefield_ave_savannah_ga_31406\main_unit\noise_disturbance_unauthorized_events_party_crime_violent_suspected_excessive_occupancy_property_damage_2025-09-14_2.jpg
1LHTEV41fnUby-HkfSD-417YrRNKJGt7p,complaints\8611_whitefield_ave_savannah_ga_31406\main_unit\sanitation_trash_issue_2026-07-08.jpg
1fBwwgWe4oQxtZWOzx1YRpjj1feGC25ia,complaints\9240_garland_dr_savannah_ga_31406\none\sanitation_trash_issue_2026-06-18.jpg
1Um949ehqi15s8tEeAho-0ni2G9Mub-8e,complaints\9240_garland_dr_savannah_ga_31406\none\sanitation_trash_issue_2026-06-18_1.jpg
1wgGBMsNkGHIp-9Mar5HsdcAA2sBxc2tq,complaints\8611_whitefield_ave_savannah_ga_31406\main_unit\property_maintenance_issue_2026-05-09.jpg
1QMYpcFf8rgU1huH9prJ_jJgeGGGMldIH,complaints\8611_whitefield_ave_savannah_ga_31406\main_unit\property_maintenance_issue_2026-05-09_1.jpg
1cY7S8bzgczIc5aEHuvaH7IHJghhygh_0,complaints\8611_whitefield_ave_savannah_ga_31406\main_unit\property_maintenance_issue_2026-05-09_2.jpg
1kgofvOYE1kLwgouJ-E0uXg8qC357He9y,complaints\8611_whitefield_ave_savannah_ga_31406\main_unit\property_maintenance_issue_2026-05-09_3.jpg
1DonI_cA3DNYWeh_ljciI5JKgrABk8JsS,complaints\8611_whitefield_ave_savannah_ga_31406\main_unit\property_maintenance_issue_2026-05-09_4.jpg
